{
  "generation": 30,
  "mu": [
    0.4138774028438865,
    -0.02804220090442679,
    0.042251049443474804,
    -0.03652528140935899,
    0.060633408881153227,
    -0.07734383118851823,
    -0.008178570970320117,
    -0.26068109050467453,
    -0.11747692155334319,
    -0.195830260820743,
    0.2570563116571356,
    -0.1265422811089405,
    0.720982147923565,
    0.09618022121538837,
    -0.22661200732823547,
    0.09830923660485393,
    -0.4118629945793682,
    1.359929561948107,
    -0.009102330978512806,
    -0.6674745916280671,
    -0.16360727424160731,
    0.48144522694491537,
    0.6737509704841461,
    -0.09759520737406228,
    -0.05645826462551168,
    0.1135263139518744,
    0.12655149119640588,
    0.32703441349463924,
    0.10181584642895894,
    0.40466062024876714,
    -0.7455038379292593,
    -0.49023004850848667,
    -0.8077428526200106,
    -0.21052514679264328,
    0.08849935607261603,
    0.07051734114517272,
    0.21339120125703775,
    0.25482481019652853,
    0.08525737819976897,
    -0.018754526457164574,
    -0.3079330983911173,
    -0.24951275455285155,
    0.12283325062572717,
    0.18778725242666966,
    0.4502075003418041,
    -0.133801951973558,
    0.1367771080983257,
    -0.1779520758058502
  ],
  "sigma": [
    0.01,
    0.013549577677442873,
    0.012288972426188637,
    0.010471490454937941,
    0.011558857657135891,
    0.01,
    0.01,
    0.01,
    0.021261225852254075,
    0.01,
    0.01,
    0.01,
    0.019085562385913454,
    0.02488548092076475,
    0.01,
    0.01,
    0.013362483430277567,
    0.014877106461810534,
    0.014706500124599252,
    0.01,
    0.01,
    0.01,
    0.013009559301029549,
    0.01,
    0.011896337132886023,
    0.01,
    0.01,
    0.01,
    0.011017590136979076,
    0.018956386435580133,
    0.01304796616918884,
    0.01,
    0.018795706607422438,
    0.010797150085138544,
    0.01,
    0.01,
    0.01,
    0.012739096888219146,
    0.01,
    0.02427749153496592,
    0.01,
    0.01087500396890558,
    0.020271396677666545,
    0.01,
    0.012701016825707411,
    0.01,
    0.01,
    0.01
  ],
  "bestReward": 31781.834815682527,
  "bestWeights": [
    0.4069585110001013,
    -0.033002944469582664,
    0.038149958504785135,
    -0.07174220522655855,
    0.06491976309181023,
    -0.0880331756146655,
    -0.0016942337424007085,
    -0.2505043217568443,
    -0.11152452195315013,
    -0.17916025104645011,
    0.25518399994253826,
    -0.11901601967757208,
    0.7102806441307392,
    0.05191558743879579,
    -0.22642722637245571,
    0.08763882752470527,
    -0.37955500292812744,
    1.3625277662180022,
    -0.023511646606403164,
    -0.652557786814945,
    -0.15690237135966148,
    0.46780487804926046,
    0.6936914015575938,
    -0.09645944611174967,
    -0.05398113142912836,
    0.1290751840418679,
    0.14243837865958456,
    0.3026868495802589,
    0.10090212007599154,
    0.4150586816336751,
    -0.734745109444249,
    -0.48180192988214515,
    -0.8458135258148248,
    -0.20707852144065358,
    0.07604416000447622,
    0.06266202767452075,
    0.20766294262475482,
    0.23403971655654152,
    0.13874954421060776,
    -0.011247012781550735,
    -0.3211253930869233,
    -0.25414522795029126,
    0.11895087491992024,
    0.18848453470885654,
    0.4453292295683745,
    -0.14367177988778096,
    0.13507421902493386,
    -0.17904364064121447
  ],
  "history": [
    {
      "generation": 0,
      "bestReward": 4805.560531045469,
      "meanReward": 219.81173306270983,
      "eliteMeanReward": 2847.742621801589
    },
    {
      "generation": 1,
      "bestReward": 5580.699140505099,
      "meanReward": 1395.6784080525708,
      "eliteMeanReward": 3407.3608564997035
    },
    {
      "generation": 2,
      "bestReward": 13777.823662430246,
      "meanReward": 3446.4649505733623,
      "eliteMeanReward": 8237.20062635832
    },
    {
      "generation": 3,
      "bestReward": 8483.331399125113,
      "meanReward": 3748.109891200861,
      "eliteMeanReward": 6211.959545560069
    },
    {
      "generation": 4,
      "bestReward": 11776.411375727306,
      "meanReward": 5889.662678288914,
      "eliteMeanReward": 8995.525061716615
    },
    {
      "generation": 5,
      "bestReward": 9496.177990949482,
      "meanReward": 4894.699332795738,
      "eliteMeanReward": 7839.257716568965
    },
    {
      "generation": 6,
      "bestReward": 20862.595118097568,
      "meanReward": 6227.262133555208,
      "eliteMeanReward": 11874.885977381393
    },
    {
      "generation": 7,
      "bestReward": 13901.47301391248,
      "meanReward": 7271.402993326937,
      "eliteMeanReward": 11889.169153149005
    },
    {
      "generation": 8,
      "bestReward": 15251.900835290931,
      "meanReward": 9086.104294205106,
      "eliteMeanReward": 13339.249718186567
    },
    {
      "generation": 9,
      "bestReward": 17476.737236446148,
      "meanReward": 11244.88330640775,
      "eliteMeanReward": 15361.968213560558
    },
    {
      "generation": 10,
      "bestReward": 27826.492732851086,
      "meanReward": 11685.393159398036,
      "eliteMeanReward": 19214.383086058755
    },
    {
      "generation": 11,
      "bestReward": 16490.895778515413,
      "meanReward": 10075.707637429201,
      "eliteMeanReward": 14231.862619296337
    },
    {
      "generation": 12,
      "bestReward": 17828.095064322915,
      "meanReward": 11539.628332410266,
      "eliteMeanReward": 16208.551922001017
    },
    {
      "generation": 13,
      "bestReward": 20453.66405081459,
      "meanReward": 10878.708854695305,
      "eliteMeanReward": 16903.227497649583
    },
    {
      "generation": 14,
      "bestReward": 23053.03465941483,
      "meanReward": 12579.86788333013,
      "eliteMeanReward": 18123.748450747513
    },
    {
      "generation": 15,
      "bestReward": 17597.581849847058,
      "meanReward": 11840.818258324285,
      "eliteMeanReward": 15843.395041916094
    },
    {
      "generation": 16,
      "bestReward": 24474.449129078188,
      "meanReward": 13747.394913453385,
      "eliteMeanReward": 20257.668480145563
    },
    {
      "generation": 17,
      "bestReward": 22890.450284878163,
      "meanReward": 13289.044228549934,
      "eliteMeanReward": 20236.049843729248
    },
    {
      "generation": 18,
      "bestReward": 23148.527951841133,
      "meanReward": 14421.190602735176,
      "eliteMeanReward": 19782.17798679789
    },
    {
      "generation": 19,
      "bestReward": 25097.203321504945,
      "meanReward": 12808.72201058713,
      "eliteMeanReward": 19914.125609223218
    },
    {
      "generation": 20,
      "bestReward": 18576.331531429776,
      "meanReward": 12188.510781007379,
      "eliteMeanReward": 17154.96689040755
    },
    {
      "generation": 21,
      "bestReward": 21514.40654538159,
      "meanReward": 11708.7859916258,
      "eliteMeanReward": 17183.859140124743
    },
    {
      "generation": 22,
      "bestReward": 20364.444392667257,
      "meanReward": 10953.228826292703,
      "eliteMeanReward": 16858.018558048458
    },
    {
      "generation": 23,
      "bestReward": 25263.520670431502,
      "meanReward": 12799.224560651737,
      "eliteMeanReward": 19911.365520821186
    },
    {
      "generation": 24,
      "bestReward": 20594.411302257,
      "meanReward": 11616.815599120297,
      "eliteMeanReward": 18118.468071901072
    },
    {
      "generation": 25,
      "bestReward": 21799.98044246212,
      "meanReward": 11699.282173229174,
      "eliteMeanReward": 17723.60789041394
    },
    {
      "generation": 26,
      "bestReward": 31781.834815682527,
      "meanReward": 13931.041997177084,
      "eliteMeanReward": 20814.712839722375
    },
    {
      "generation": 27,
      "bestReward": 19126.59655197003,
      "meanReward": 12934.620050343332,
      "eliteMeanReward": 17540.6165294477
    },
    {
      "generation": 28,
      "bestReward": 24644.931870741144,
      "meanReward": 13082.687537333548,